Feature ID	Taxon	Confidence
e4ef1c7b616eb842c0ff7a327e83bd76	d__Bacteria; p__Bacteroidota; c__Bacteroidia; o__Bacteroidales; f__Tannerellaceae	0.9999995514707207
7b28c20e72c6c95b3e604f0849245770	d__Bacteria; p__Verrucomicrobiota; c__Verrucomicrobiia; o__Verrucomicrobiales; f__Akkermansiaceae; g__Akkermansia	1.0
10ff4631cc5198bb5add391eccbd5a09	d__Bacteria; p__Bacillota; c__Clostridia; o__Oscillospirales; f__[Eubacterium]_coprostanoligenes_group; g__Incertae_Sedis	0.9999987639298916
924668f542df9de35c2226e4a6cf09bd	d__Bacteria; p__Bacillota; c__Clostridia; o__Lachnospirales; f__Lachnospiraceae; g__Lachnospiraceae_NK4A136_group	0.9773483688587863
54dcb911e3ab04e9d5b30c3912100b41	d__Bacteria; p__Bacillota; c__Clostridia; o__Lachnospirales; f__Lachnospiraceae; g__Lachnospiraceae_NK4A136_group	0.9931179555989473
208a08b90e13b04d2ef2f584535a2d39	d__Bacteria; p__Deferribacterota; c__Deferribacteres; o__Deferribacterales; f__Deferribacteraceae; g__Mucispirillum	1.0
6aaac37f56d07ffcea4fe9ef1cd00d2f	d__Bacteria; p__Bacillota; c__Clostridia; o__Lachnospirales; f__Lachnospiraceae; g__Incertae_Sedis	0.9527898383304477
37a7e187d35366eb6167cbe90e558af1	d__Bacteria; p__Bacillota; c__Clostridia; o__Lachnospirales; f__Lachnospiraceae	0.9999892019952401
e07164dc4c344fb8e6717042190ef640	d__Bacteria; p__Bacillota; c__Clostridia; o__Lachnospirales; f__Lachnospiraceae	0.9999889015559329
45b76e49b6500d8d245c2f27f6fbb143	d__Bacteria; p__Bacillota; c__Bacilli; o__Erysipelotrichales; f__Erysipelatoclostridiaceae; g__Thomasclavelia	0.999999415339531
cfdf39cd6545fb6a7ddb747c3393c225	d__Bacteria; p__Bacillota; c__Clostridia; o__Lachnospirales; f__Lachnospiraceae; g__Lachnospiraceae_NK4A136_group	0.9952937112587182
95fdd816723ca482a5caba10bea171c8	d__Bacteria; p__Bacillota; c__Bacilli; o__Lactobacillales; f__Lactobacillaceae; g__Ligilactobacillus	0.9996064327415474
83db0ce4368f169ef71342064440d682	d__Bacteria; p__Bacillota; c__Clostridia; o__Lachnospirales; f__Lachnospiraceae; g__Incertae_Sedis	0.9552789919866234
4b3fc5de9758cf6cdb010bd41d101a65	d__Bacteria; p__Bacillota; c__Clostridia; o__Lachnospirales; f__Lachnospiraceae	0.9999999747128898
e2ca214f7055c2a6eedc54ac7689d169	d__Bacteria; p__Bacillota; c__Clostridia; o__Lachnospirales; f__Lachnospiraceae; g__Lachnoclostridium	0.8583231587657466
64ea8a4a546fe172947c0b69c4b44809	d__Bacteria; p__Bacillota; c__Clostridia; o__Lachnospirales; f__Lachnospiraceae; g__Incertae_Sedis	0.7323992568682018
0f2a5acc53e55f2c9f0c7409421dc5a0	d__Bacteria; p__Bacillota; c__Clostridia; o__Oscillospirales; f__Ruminococcaceae; g__Anaerotruncus	0.9999894440930109
8646bffa210e3f061cc57f1b1cf2f751	d__Bacteria; p__Bacillota; c__Clostridia; o__Lachnospirales; f__Lachnospiraceae; g__Hungatella	0.9991660573274054
e6fc273ffc0f63757954543fa6f7cd2a	d__Bacteria; p__Bacillota; c__Clostridia; o__Lachnospirales; f__Lachnospiraceae; g__Lachnospiraceae_NK4A136_group	0.9845950652263362
f44404ea806c18f6b05b7cbb4f3e5fd2	d__Bacteria; p__Bacillota; c__Clostridia; o__Peptostreptococcales-Tissierellales; f__Peptostreptococcaceae; g__Romboutsia	0.9893708180781621
3d1c3592da50be05da2bef377739832c	d__Bacteria; p__Bacillota; c__Clostridia; o__Lachnospirales; f__Lachnospiraceae; g__A2	0.8733800832762642
294439019add4f19e8d5d95d40921207	d__Bacteria; p__Bacillota; c__Clostridia; o__Lachnospirales; f__Lachnospiraceae; g__Lachnoclostridium	0.9691502745378359
30598f0d14cb4af2c3150ebb17667b95	d__Bacteria; p__Bacillota; c__Clostridia; o__Clostridia_UCG-014; f__Incertae_Sedis; g__Incertae_Sedis	0.9999999990877484
4a18a72af06424cd6600b6f548ea8f05	d__Bacteria; p__Bacillota; c__Clostridia; o__Oscillospirales; f__Ruminococcaceae; g__[Eubacterium]_siraeum_group	0.9995907473793738
1970af775bfecdd2ca50180b69989ee0	d__Bacteria; p__Bacillota; c__Clostridia; o__Lachnospirales; f__Lachnospiraceae; g__GCA-900066575	0.999265112366525
d46e2205f0c6ecf67b51f83d111c509c	d__Bacteria; p__Pseudomonadota; c__Gammaproteobacteria; o__Enterobacterales; f__Enterobacteriaceae; g__Escherichia-Shigella	0.9894925893214492
25f537c4856de1617e682de90caba215	d__Bacteria; p__Bacillota; c__Clostridia; o__Lachnospirales; f__Lachnospiraceae; g__Lachnospiraceae_NK4A136_group	0.7537491647454644
0f276b28ea3ba352f6fd667c1e298c38	d__Bacteria; p__Bacillota; c__Clostridia; o__Clostridia_UCG-014; f__Incertae_Sedis; g__Incertae_Sedis	0.9999999997551612
67e8859e108281ee7971084bfa759522	d__Bacteria; p__Bacillota; c__Clostridia; o__Lachnospirales; f__Lachnospiraceae; g__Lachnoclostridium	0.9609036221241951
484f362cffbe754445394334e80b1a97	d__Bacteria; p__Bacillota; c__Clostridia; o__Oscillospirales; f__UCG-010; g__Incertae_Sedis	0.9999999606516504
deb6cb498b1f0a2e2098d8698813c54b	d__Bacteria; p__Bacillota; c__Clostridia; o__Lachnospirales; f__Lachnospiraceae; g__Marvinbryantia	0.972420055724718
894edb6bbf0dd7821500a154a87530c2	d__Bacteria; p__Bacillota; c__Clostridia; o__Lachnospirales; f__Lachnospiraceae; g__Lachnospiraceae_NK4A136_group	0.7610599246584895
60a2e0a4d6760de56ad66a42a4093dc5	d__Bacteria; p__Bacillota; c__Clostridia; o__Lachnospirales; f__Lachnospiraceae; g__Lachnoclostridium	0.745074156709595
bc7f6c40d5f8e134763db884ca78cb1d	d__Bacteria; p__Bacillota; c__Clostridia; o__Lachnospirales; f__Lachnospiraceae; g__Blautia	0.9764840611074093
d3d5f57b1c8aafeca61afdb1627d2990	d__Bacteria; p__Bacillota; c__Clostridia; o__Lachnospirales; f__Lachnospiraceae; g__Roseburia	0.9898901496732326
b310236a69032ef47e5c274f5256115a	d__Bacteria; p__Bacillota; c__Clostridia; o__Lachnospirales; f__Lachnospiraceae; g__Lachnospiraceae_NK4A136_group	0.8787401927424127
8d5153b41e59c5ffb5a1fc080eb784cf	d__Bacteria; p__Bacillota; c__Clostridia; o__Oscillospirales; f__Oscillospiraceae; g__Incertae_Sedis	0.7915455649100687
6c921e3ae0af506f54295d074ca071bc	d__Bacteria; p__Bacillota; c__Clostridia; o__Lachnospirales; f__Lachnospiraceae; g__A2	0.9999994157658706
721bbde09abf2f51fc7d8caeab5b22f1	d__Bacteria; p__Bacillota; c__Clostridia; o__Clostridiales; f__Clostridiaceae; g__Clostridium	0.9998078577337133
d7ef89fbe0b04fbcfcd1261bbba40170	d__Bacteria; p__Bacillota; c__Clostridia; o__Oscillospirales; f__Ruminococcaceae; g__Acutalibacter	0.9991620919425572
270a745647e1f4f2daefddcae78b43c7	d__Bacteria; p__Bacillota; c__Clostridia; o__Lachnospirales; f__Lachnospiraceae	0.9998377250012588
d2e0c58f3e2b97c342c9c190ef1763f7	d__Bacteria; p__Bacillota; c__Clostridia; o__Lachnospirales; f__Lachnospiraceae; g__Acetatifactor	0.9995061669533338
03a1f9f63e2fa6c7bdf27d33eba2b09d	d__Bacteria; p__Bacillota; c__Clostridia; o__Lachnospirales; f__Lachnospiraceae	0.999763082887249
d85f7c80c1ad16d5903ce9d78ade5916	d__Bacteria; p__Bacillota; c__Clostridia; o__Oscillospirales; f__Ruminococcaceae	0.9929507658211438
756e9c33696716a5484135c832f18f12	d__Bacteria; p__Bacillota; c__Clostridia; o__Oscillospirales; f__Ruminococcaceae; g__Acutalibacter	0.9999978228167206
b0f809cbabf3ac99182581ec095868b2	d__Bacteria; p__Bacillota; c__Clostridia; o__Lachnospirales; f__Lachnospiraceae; g__Roseburia	0.8413030873788998
42e1875ea3a84e3034ce5b2c02406f12	d__Bacteria; p__Bacillota; c__Bacilli; o__Lactobacillales; f__Lactobacillaceae; g__Ligilactobacillus	0.9994581697374209
f434bb1f62e53ad7aed6f6ffd2ec039c	d__Bacteria; p__Bacillota; c__Bacilli; o__Lactobacillales; f__Lactobacillaceae; g__Ligilactobacillus	0.9998674745719192
601101d33cdf43a40bd674a50711af52	d__Bacteria; p__Bacillota; c__Clostridia; o__Lachnospirales; f__Lachnospiraceae; g__Roseburia	0.8996382099489375
52573485a4521e007e4c5217fc5d7c68	d__Bacteria; p__Bacillota; c__Clostridia; o__Lachnospirales; f__Lachnospiraceae; g__Lachnospiraceae_UCG-010	0.9962653556217933
5fbc483f79cd97d3a7253931f37c33e8	d__Bacteria; p__Bacillota; c__Clostridia; o__Oscillospirales; f__Oscillospiraceae; g__Flavonifractor	0.9999204963729242
8e74f6f63a5f9a304aeb8284be71fd23	d__Bacteria; p__Bacillota; c__Clostridia; o__Lachnospirales; f__Lachnospiraceae; g__GCA-900066575	0.99556592365534
bfa3561ca0d31bca54be08e2d9f7937f	d__Bacteria; p__Bacillota; c__Clostridia; o__Lachnospirales; f__Lachnospiraceae; g__Enterocloster	0.9079449747772913
ef3a40c4f26b5019887d73ceaaab84f2	d__Bacteria; p__Bacillota; c__Clostridia; o__Lachnospirales; f__Lachnospiraceae; g__Lachnospiraceae_NK4A136_group	0.9936550021002821
901c9973bde010c1a5c49023e63cc252	d__Bacteria; p__Bacillota; c__Clostridia; o__Lachnospirales; f__Lachnospiraceae; g__Lachnospiraceae_UCG-004	0.8576952490091315
3562d3a0374b9f2ed190c1a7aa7dedb7	d__Bacteria; p__Bacillota; c__Clostridia; o__Lachnospirales; f__Lachnospiraceae; g__Lachnospiraceae_UCG-006	0.9999290539573639
6a8118b17d1d40cf877db24449ceb616	d__Bacteria; p__Bacillota; c__Clostridia; o__Oscillospirales; f__Oscillospiraceae; g__Oscillibacter	0.9999995077778084
d084b32d5ad7ee012fef1f2de8889355	d__Bacteria; p__Bacillota; c__Clostridia; o__Lachnospirales; f__Lachnospiraceae; g__[Eubacterium]_ventriosum_group	0.9994475522599698
f5e65944985d39991cba3fab949a0150	d__Bacteria; p__Bacillota; c__Clostridia; o__Lachnospirales; f__Lachnospiraceae; g__ASF356	0.9999999749566942
f9f60c2b7142924f5bf6369037234212	d__Bacteria; p__Bacillota; c__Clostridia; o__Oscillospirales; f__Oscillospiraceae; g__Intestinimonas	0.7133061690301445
885af48524af5ccac2ffcff5abf6c1f9	d__Bacteria; p__Bacillota; c__Clostridia; o__Oscillospirales; f__Oscillospiraceae; g__Incertae_Sedis	0.9315388084411824
d80a7337f5b24c90a8cc2dd4d9896e61	d__Bacteria; p__Bacillota; c__Clostridia; o__Lachnospirales; f__Lachnospiraceae; g__Marvinbryantia	0.9930707112108719
a80466eb93811bc792e1524c6afc316a	d__Bacteria; p__Bacillota; c__Clostridia; o__Lachnospirales; f__Lachnospiraceae	0.9999923143313545
bf34422106e5974ddf75216e2c05273c	d__Bacteria; p__Bacillota; c__Clostridia; o__Oscillospirales; f__Oscillospiraceae; g__Incertae_Sedis	0.970520658565486
cc82a5a0b284dea47583c8afa5a99755	d__Bacteria; p__Bacillota; c__Clostridia; o__Oscillospirales; f__Oscillospiraceae; g__Intestinimonas	0.8669623097554991
0b0e03a032c5cc2b1c3b7af60839de9a	d__Bacteria; p__Bacillota; c__Clostridia; o__Lachnospirales; f__Lachnospiraceae	0.9999998818272181
6116fd7dc95407952dfa6a8cad835556	d__Bacteria; p__Bacillota; c__Bacilli; o__Erysipelotrichales; f__Erysipelatoclostridiaceae	0.9999999999999609
675df60bfe10a0076c6359d6ce9e3c6f	d__Bacteria; p__Bacillota; c__Clostridia; o__Lachnospirales; f__Lachnospiraceae	0.9999999803978703
1ca6c232223e11140a64765c71b31445	d__Bacteria; p__Bacillota; c__Clostridia; o__Lachnospirales; f__Lachnospiraceae; g__Incertae_Sedis	0.7282643936833083
33db715225edf6ee33a8e8bbb7a48728	d__Bacteria; p__Bacillota; c__Clostridia; o__Lachnospirales; f__Lachnospiraceae	0.9999997099598322
0570b4a067b34904d37cb5ddc848b221	d__Bacteria; p__Bacillota; c__Clostridia; o__Lachnospirales; f__Lachnospiraceae; g__Incertae_Sedis	0.9960174499238039
8c86fd421716e2694b4de25371d82a87	d__Bacteria; p__Bacillota; c__Clostridia; o__Oscillospirales; f__Ruminococcaceae; g__Hydrogenoanaerobacterium	0.8220291379734401
0e064a94474c099cd422c1ef160ab28c	d__Bacteria; p__Bacillota; c__Clostridia; o__Lachnospirales; f__Lachnospiraceae; g__Lachnospiraceae_NK4A136_group	0.9746255202290165
75becb2d36234aba744a63a5352d7bcf	d__Bacteria; p__Bacillota; c__Clostridia; o__Lachnospirales; f__Lachnospiraceae	0.9999851876773913
4205d93a032f445a1687829d22eaa2b2	d__Bacteria; p__Bacillota; c__Clostridia; o__Lachnospirales; f__Lachnospiraceae; g__Hungatella	0.9994468986477697
958d78a02bef69a795806f97adb117ea	d__Bacteria; p__Bacillota; c__Clostridia; o__Oscillospirales; f__Oscillospiraceae; g__Colidextribacter	0.9734008150677333
5eaeab6fa2a8efe96eac7a0712c65080	d__Bacteria; p__Bacillota; c__Clostridia; o__Lachnospirales; f__Lachnospiraceae; g__Incertae_Sedis	0.9630378765114003
e335f74033bc634af43ee6baa84fa247	d__Bacteria; p__Bacillota; c__Clostridia; o__Peptostreptococcales-Tissierellales; f__Peptostreptococcaceae; g__Romboutsia	0.9889838641433769
b8455681fc92d051fdd023aa62417fb3	d__Bacteria; p__Bacillota; c__Clostridia; o__Lachnospirales; f__Lachnospiraceae; g__Butyribacter	0.9998996186728691
d114fb4c335125128be28401522dd41a	d__Bacteria; p__Bacillota; c__Bacilli; o__Lactobacillales; f__Streptococcaceae; g__Lactococcus	0.9999999193471641
af140e3881d1c74ce8b17a5c8979dfa5	d__Bacteria; p__Bacillota; c__Clostridia; o__Lachnospirales; f__Lachnospiraceae; g__Incertae_Sedis	0.9285025527648834
22907d450b79c927e4ffe34a2d09d2aa	d__Bacteria; p__Bacillota; c__Clostridia; o__Lachnospirales; f__Lachnospiraceae; g__Lachnoclostridium	0.8675763252863472
922d33a2963d3e87a3d4df6b82371235	d__Bacteria; p__Bacillota; c__Bacilli; o__Staphylococcales; f__Staphylococcaceae; g__Staphylococcus	0.9833085533651695
6d4ab2107d92228c6751838e7dbbe697	d__Bacteria; p__Bacillota; c__Clostridia; o__Lachnospirales; f__Lachnospiraceae; g__GCA-900066575	0.988229360580159
ee766857ab5fc018ac26632146bc90e1	d__Bacteria; p__Bacillota; c__Clostridia; o__Oscillospirales; f__Oscillospiraceae; g__Colidextribacter	0.9504895919463542
c6f4aa25b9a6b316e50c3f0308c05ab9	d__Bacteria; p__Bacillota; c__Clostridia	0.9999635160121949
b84e363885e7b59703e96a0d4c9ee61f	d__Bacteria; p__Bacillota; c__Clostridia; o__Lachnospirales; f__Lachnospiraceae; g__Lachnospiraceae_UCG-006	0.9999080152024131
d49783e7800974b5f2bcce554e26072e	d__Bacteria; p__Bacillota; c__Clostridia; o__Lachnospirales; f__Lachnospiraceae; g__Blautia	0.9409163197236905
70745fa69950bfb64db28e3afff2b1e5	d__Bacteria; p__Bacillota; c__Clostridia; o__Lachnospirales; f__Lachnospiraceae; g__Frisingicoccus	0.9996879533153793
1aeccc15c16a48616976f501a98a64be	d__Bacteria; p__Bacillota; c__Clostridia; o__Lachnospirales; f__Lachnospiraceae	0.999904013492563
5764a2920b99d13e54f43dd869a800c2	d__Bacteria; p__Bacillota; c__Clostridia; o__Lachnospirales; f__Lachnospiraceae; g__Enterocloster	0.8654490113548127
ce78414357068359ddae6a47b6592a08	d__Bacteria; p__Bacillota; c__Clostridia; o__Oscillospirales; f__Oscillospiraceae; g__Incertae_Sedis	0.875956472959668
c2236727ffae6d3d4521989084fcbe7b	d__Bacteria; p__Bacillota; c__Clostridia; o__Clostridia_vadinBB60_group; f__Incertae_Sedis; g__Incertae_Sedis	0.9999903307674963
103728163337d3c6e1d01f1491bf25dc	d__Bacteria; p__Bacillota; c__Clostridia; o__Lachnospirales; f__Lachnospiraceae; g__Acetatifactor	0.9972301891906407
c5aad5ebe154556c8422b669638c0745	d__Bacteria; p__Bacillota; c__Clostridia; o__Oscillospirales; f__Oscillospiraceae	0.9999995000291708
2747bd94a19fbfa82f1e90e326d2f100	d__Bacteria; p__Bacillota; c__Clostridia; o__Monoglobales; f__Monoglobaceae; g__Monoglobus	0.9999988455374746
7b9c8d4a1896d84d92ab4820edd025a6	d__Bacteria; p__Bacillota; c__Bacilli; o__Staphylococcales; f__Staphylococcaceae; g__Mammaliicoccus	0.9953599740333477
4912cd4c1f9a773f88a73c258c25c825	d__Bacteria; p__Bacillota; c__Clostridia; o__Lachnospirales; f__Lachnospiraceae; g__Faecalicatena	0.9997304697308662
8da18b476b64f6f053647455b6890f80	d__Bacteria; p__Bacillota; c__Clostridia; o__Oscillospirales; f__Oscillospiraceae; g__Oscillibacter	0.8845265036820373
da8644094f1d480f3b3a6a03a7027ab4	d__Bacteria; p__Bacillota; c__Clostridia; o__Lachnospirales; f__Lachnospiraceae; g__Hungatella	0.9996827057456951
5f3d00d14c041d84bcdb3d126ce24330	d__Bacteria; p__Bacillota; c__Clostridia; o__Clostridia_vadinBB60_group; f__Incertae_Sedis; g__Incertae_Sedis	0.999983569509489
99bccd58aaeb00f98e22add40be6e36b	d__Bacteria; p__Bacillota; c__Clostridia; o__Peptostreptococcales-Tissierellales; f__Peptostreptococcaceae; g__Clostridioides	0.9986658923084774
df0e3d38eec730326754d8c17a8b8efe	d__Bacteria; p__Bacillota; c__Bacilli; o__Erysipelotrichales; f__Erysipelotrichaceae; g__Turicibacter	0.9999999662308033
2d01d21dc12ee96d173b6ab4e83f9a3b	d__Bacteria; p__Bacillota; c__Clostridia; o__Lachnospirales; f__Lachnospiraceae	0.999997404681802
596db8ce20ae5cbfdc338a62f1bed1d9	d__Bacteria; p__Bacillota; c__Clostridia; o__Oscillospirales; f__Ruminococcaceae; g__Acutalibacter	0.9992679343944828
15a3d0ff15911ed59c4593963b584870	d__Bacteria; p__Bacillota; c__Clostridia; o__Lachnospirales; f__Lachnospiraceae; g__GCA-900066575	0.8412843534082197
86555947ddfc576c1bb9c42deb3998df	d__Bacteria; p__Bacillota; c__Clostridia; o__Oscillospirales; f__Oscillospiraceae	0.9997943168934607
b2097d12843899152a99e4faeb92e3e6	d__Bacteria; p__Bacillota; c__Clostridia; o__Oscillospirales; f__Ruminococcaceae	0.9925122938777537
47f770032218f91b352999ff1f663807	d__Bacteria; p__Bacillota; c__Clostridia; o__Lachnospirales; f__Lachnospiraceae	0.9999999407178735
8212472385df0dc1b6527a764d613b7d	d__Bacteria; p__Bacillota; c__Clostridia; o__Lachnospirales; f__Lachnospiraceae; g__Acetatifactor	0.9999573078124749
c67445ed68d61f49e41b7bdd1de019fb	d__Bacteria; p__Bacillota; c__Clostridia; o__Lachnospirales; f__Lachnospiraceae; g__Enterocloster	0.9914829717278103
a728a1dce17d5afb4677e6cc919c2391	d__Bacteria; p__Bacillota; c__Clostridia; o__Lachnospirales; f__Lachnospiraceae	0.9999998564884849
7807a7c66b7e44dcda14bb67b2e6a4b4	d__Bacteria; p__Bacillota; c__Clostridia; o__Oscillospirales; f__Oscillospiraceae; g__Colidextribacter	0.9952614673998071
6b5c5532185593c41966b2173ea9df1c	d__Bacteria; p__Bacillota; c__Clostridia; o__Lachnospirales; f__Lachnospiraceae; g__Lachnospiraceae_UCG-009	0.8163169439681197
1c281deaf71c6d702d1ddadfa953eac6	d__Bacteria; p__Bacillota; c__Clostridia; o__Lachnospirales; f__Lachnospiraceae; g__Incertae_Sedis	0.9066882813991721
b1afd2ca3861c635eba188c1ce960692	d__Bacteria; p__Bacillota; c__Clostridia; o__Peptostreptococcales-Tissierellales; f__Anaerovoracaceae; g__[Eubacterium]_brachy_group	0.9951858000816214
c0f5347ba9bf78765148e77ea5e6da6c	d__Bacteria; p__Bacillota; c__Clostridia; o__Clostridia_UCG-014; f__Incertae_Sedis; g__Incertae_Sedis	0.9999999971628455
d2d480b667c0d25176b7ad8e933c0ae7	d__Bacteria; p__Bacillota; c__Bacilli; o__Erysipelotrichales; f__Erysipelatoclostridiaceae; g__Massiliomicrobiota	0.999999840418225
1841ceeb252a3e471065c84c01175567	d__Bacteria; p__Bacillota; c__Clostridia; o__Lachnospirales; f__Lachnospiraceae; g__Incertae_Sedis	0.9997925212195302
e24e7b9b383a4e46a7761d21ddd703aa	d__Bacteria; p__Bacillota; c__Clostridia; o__Lachnospirales; f__Lachnospiraceae; g__Lachnospiraceae_NK4A136_group	0.9967175111077542
fba4814520ceefacdd71421bc14421c4	d__Bacteria; p__Bacillota; c__Clostridia; o__Lachnospirales; f__Lachnospiraceae	0.9999917254966277
5f8d35126b0a7321413d21487ec72b73	d__Bacteria; p__Bacillota; c__Bacilli; o__Erysipelotrichales; f__Erysipelotrichaceae; g__[Clostridium]_innocuum_group	0.9999973526848945
c75ae6008025d80134bd14e9712f9d5c	d__Bacteria; p__Bacillota; c__Clostridia; o__Lachnospirales; f__Lachnospiraceae; g__GCA-900066575	0.9970201938141426
226ab97195d19858d059fffaef17f5d7	d__Bacteria; p__Bacillota; c__Clostridia; o__Lachnospirales; f__Lachnospiraceae	0.9999899575708642
b37135c79b544a6a22a2b34a990f9b95	d__Bacteria; p__Bacillota; c__Clostridia; o__Lachnospirales; f__Lachnospiraceae; g__Lachnospiraceae_NK4A136_group	0.7122538991989666
41f5c878cebd5919bf3ec822bcda3aa7	d__Bacteria; p__Bacillota; c__Clostridia; o__Clostridia_UCG-014; f__Incertae_Sedis; g__Incertae_Sedis	0.9999999998004085
e283f1a0e7be049e9f6a0727ee2d986d	d__Bacteria; p__Actinomycetota; c__Actinobacteria; o__Mycobacteriales; f__Corynebacteriaceae; g__Corynebacterium	0.9999963470923418
223141ee97781bbede60bb494d599448	d__Bacteria; p__Bacillota; c__Clostridia; o__Lachnospirales; f__Lachnospiraceae; g__[Eubacterium]_xylanophilum_group	0.9993631672032076
9b4036adb487adfe4ca484346b5b9a7b	d__Bacteria; p__Bacillota; c__Clostridia; o__Lachnospirales; f__Lachnospiraceae; g__Lachnospiraceae_NK4A136_group	0.9912265653375398
5fe7368c69e66529f0fe71354cc10fc7	d__Bacteria; p__Bacillota; c__Clostridia; o__Lachnospirales; f__Lachnospiraceae; g__Lachnoclostridium	0.9376561483433954
0f4a15d85033f63632e910d9603f3918	d__Bacteria; p__Bacillota; c__Clostridia; o__Lachnospirales; f__Lachnospiraceae; g__Lachnospiraceae_UCG-004	0.7679355355334445
4eb53a520f214f1caa432f16967223c8	d__Bacteria; p__Bacillota; c__Clostridia; o__Lachnospirales; f__Lachnospiraceae; g__[Eubacterium]_xylanophilum_group	0.9998551956960458
5331f57ab0f2e416cce5e856ca82bc07	d__Bacteria; p__Bacillota; c__Clostridia; o__Lachnospirales; f__Lachnospiraceae; g__GCA-900066575	0.9938514221479355
cfc2296b39729fac462ff6f6cf882e8d	d__Bacteria; p__Bacteroidota; c__Bacteroidia; o__Bacteroidales; f__Tannerellaceae	0.9999992840520087
9f3ae9f6096976f00cd7c13a4717ff1c	d__Bacteria; p__Bacillota; c__Clostridia; o__Lachnospirales; f__Lachnospiraceae	0.999999509506174
851bd80d021dcf4e9f3f11e95310927c	d__Bacteria; p__Bacillota; c__Clostridia; o__Oscillospirales; f__Oscillospiraceae; g__Incertae_Sedis	0.9791190641499756
6f980c6f3f2ffefd2013c721461cc1c6	d__Bacteria; p__Bacillota; c__Bacilli; o__Erysipelotrichales; f__Erysipelotrichaceae; g__Holdemania	0.9999984020832476
50313555c1a4385e25c85b06a5c8ad42	d__Bacteria; p__Bacillota; c__Clostridia; o__Lachnospirales; f__Lachnospiraceae; g__Faecalimonas	0.9165804334107039
6326f3883ecfa02452ebaa3af9c5d84c	d__Bacteria; p__Bacillota; c__Clostridia; o__Lachnospirales; f__Lachnospiraceae	0.9999999322777471
cd8d2ddb88bbe44dfa61a34dfd244b0b	d__Bacteria; p__Bacillota; c__Clostridia; o__Oscillospirales; f__Ruminococcaceae; g__Paludicola	0.8867980882516587
1d9a5ba78b68a6a4e27d52ccb4dceaa7	d__Bacteria; p__Bacillota; c__Clostridia; o__Lachnospirales; f__Lachnospiraceae; g__Incertae_Sedis	0.9675720411015124
f1b5d72cafaaea7b61c531cb90452d9c	d__Bacteria; p__Bacillota; c__Clostridia; o__Peptococcales; f__Peptococcaceae; g__Incertae_Sedis	0.9997574284687496
57e11c3559fa2ef79a2702684229e4ba	d__Bacteria; p__Bacillota; c__Clostridia; o__Lachnospirales; f__Lachnospiraceae; g__Acetatifactor	0.9999628968377519
97d033725a3fcb0e6b0f9554365d4e0f	d__Bacteria; p__Bacillota; c__Bacilli; o__Erysipelotrichales; f__Erysipelotrichaceae; g__Incertae_Sedis	0.9850373684654107
4598e7db6dff8f019ff4f6c50dc05df4	d__Bacteria; p__Bacillota; c__Clostridia; o__Lachnospirales; f__Lachnospiraceae; g__Extibacter	0.7265256892980552
f479c23321346918723839e33a3544f4	d__Bacteria; p__Bacillota; c__Clostridia; o__Oscillospirales; f__Ruminococcaceae; g__Ruthenibacterium	0.9999814171853821
504efe2f63f610a0f92e8cd040e2f916	d__Bacteria; p__Bacillota; c__Clostridia; o__Oscillospirales; f__Ruminococcaceae; g__Negativibacillus	0.9999997412691265
91792715e48821417cf5ce4b19768495	d__Bacteria; p__Bacillota; c__Clostridia; o__Lachnospirales; f__Lachnospiraceae; g__[Acetivibrio]_ethanolgignens_group	0.9998218500756476
1b9ab7ba8573cbfe5f1a9f59f0b38ff4	d__Bacteria; p__Actinomycetota; c__Coriobacteriia; o__Coriobacteriales; f__Eggerthellaceae; g__Asaccharobacter	0.7307538195679331
975e80e15eee8e00f49bdf8e8df3b94d	d__Bacteria; p__Bacillota; c__Clostridia; o__Lachnospirales; f__Lachnospiraceae	0.9999983914629651
2dfc021ab6895ae3b4c956d50052f17e	d__Bacteria; p__Bacillota; c__Clostridia; o__Oscillospirales; f__Oscillospiraceae; g__Oscillibacter	0.7413516991194272
ac28c199405fa8466bdedf16d456edbc	d__Bacteria; p__Bacillota; c__Clostridia; o__Lachnospirales; f__Lachnospiraceae; g__A2	0.9999876589458648
aa052f6ed7696840ff494c82879d3e1a	d__Bacteria; p__Bacillota; c__Bacilli; o__Erysipelotrichales; f__Erysipelotrichaceae; g__Holdemania	0.99999975638987
16ab22f35a1bcdd8e429997d075d9666	d__Bacteria; p__Bacillota; c__Clostridia; o__Lachnospirales; f__Lachnospiraceae; g__Blautia	0.7792117573891946
cc8e1142005e4d17c538cc17cf7a8b14	d__Bacteria; p__Bacillota; c__Clostridia; o__Lachnospirales; f__Lachnospiraceae	0.9989250428151624
85781f76fdd51f1cea0eab36c8b76a12	d__Bacteria; p__Bacillota; c__Bacilli; o__Erysipelotrichales; f__Erysipelotrichaceae; g__Incertae_Sedis	0.9826494364179762
bf8b632bb810c7e26b5a8902838e05ff	d__Bacteria; p__Bacillota; c__Clostridia; o__Clostridia_UCG-014; f__Incertae_Sedis; g__Incertae_Sedis	0.999999999973241
1332b0dcde33b5f46ce13a45f40f5b9a	d__Bacteria; p__Bacillota; c__Clostridia; o__Peptococcales; f__Peptococcaceae; g__Incertae_Sedis	0.9984710469210621
75bd8c1a063eacb57ca39e50152dc185	d__Bacteria; p__Bacillota; c__Clostridia; o__Clostridiales; f__Clostridiaceae; g__Clostridium	0.9998446849726147
a333ee090a52b582e1a0e2dd776eb937	d__Bacteria; p__Bacillota; c__Bacilli; o__Erysipelotrichales; f__Erysipelatoclostridiaceae; g__Coprobacillus	0.8761080876497149
bbc6a214626b3f3c4b8b1d953beeff7c	d__Bacteria; p__Bacillota; c__Clostridia; o__Lachnospirales; f__Lachnospiraceae; g__Incertae_Sedis	0.9901802826093253
e61b52cd3ace83b9a3515c17c6438a87	d__Bacteria; p__Bacillota; c__Clostridia; o__Lachnospirales; f__Lachnospiraceae; g__Butyribacter	0.9896588770419207
e9df682a357b429bbb39f690de3afde0	d__Bacteria; p__Bacillota; c__Clostridia; o__Clostridia_UCG-014; f__Incertae_Sedis; g__Incertae_Sedis	0.9999999997773301
8c65d91e013525d1c8606fab40e0a88b	d__Bacteria; p__Bacillota; c__Clostridia; o__Lachnospirales; f__Lachnospiraceae; g__Roseburia	0.9785883225720419
e5ee1d85ad16f8c94333754ffe9430ff	d__Bacteria; p__Bacillota; c__Clostridia; o__Lachnospirales; f__Lachnospiraceae	0.9999990389941625
836bfc88bc7799209a2398d0ee5fc221	d__Bacteria; p__Bacillota; c__Clostridia; o__Lachnospirales; f__Lachnospiraceae; g__Butyribacter	0.9982539483382216
836cd5ea357ad392c00a7e48d921be1d	d__Bacteria; p__Bacteroidota; c__Bacteroidia; o__Bacteroidales; f__Bacteroidaceae; g__Bacteroides	0.9999999999568701
4f68789a118917cd97b431a24c11eb42	d__Bacteria; p__Bacillota; c__Clostridia; o__Lachnospirales; f__Lachnospiraceae; g__[Eubacterium]_ventriosum_group	0.9985794058857267
ce0275653ab470d757cdebc8993f6fe3	d__Bacteria; p__Bacillota; c__Clostridia; o__Lachnospirales; f__Lachnospiraceae; g__Frisingicoccus	0.9986120745622993
5149bdbf03de13bb38557d48d5141b87	d__Bacteria; p__Bacillota; c__Clostridia; o__Lachnospirales; f__Lachnospiraceae; g__Lachnoclostridium	0.9087702818866202
9908fffab7ed4f3bec44cda2f5084d49	d__Bacteria; p__Bacillota; c__Bacilli; o__Lactobacillales; f__Enterococcaceae; g__Enterococcus	0.930093508863469
2e49c6a75226cedcef77d5d47a881896	d__Bacteria; p__Bacillota; c__Bacilli; o__Staphylococcales; f__Staphylococcaceae; g__Staphylococcus	0.980334912574176
40946a3f140e0e38be22dc493f0ed426	d__Bacteria; p__Bacillota; c__Clostridia; o__Clostridiales; f__Clostridiaceae; g__Clostridium	0.9999683563920099
2b90532f7b4cc2c26abd0f1f1657f80b	d__Bacteria; p__Bacillota; c__Clostridia; o__Lachnospirales; f__Lachnospiraceae; g__Incertae_Sedis	0.9997305107752874
f3e9d78daeea42d345080748e31ae3dd	d__Bacteria; p__Bacillota; c__Clostridia; o__Oscillospirales; f__Oscillospiraceae; g__Colidextribacter	0.9569391471699835
3120660c883750285d85c12f7d898f67	d__Bacteria; p__Bacillota; c__Clostridia; o__Oscillospirales; f__Oscillospiraceae; g__Oscillibacter	0.9999939399113364
eefcd55e80128f9e96d740962f3e3485	d__Bacteria; p__Bacteroidota; c__Bacteroidia; o__Bacteroidales; f__Tannerellaceae	0.9999996680104346
a62fa6e25e8805dafe5b628529c90023	d__Bacteria; p__Bacillota; c__Clostridia; o__Oscillospirales; f__Ruminococcaceae; g__Ruminococcus	0.9846828274964528
a663a01aeb4dbb88bbe0a9840e8f64dc	d__Bacteria; p__Bacillota; c__Bacilli; o__Erysipelotrichales; f__Erysipelatoclostridiaceae; g__Thomasclavelia	0.9999998607307913
ac603e12c4b975609374395b148a0a79	d__Bacteria; p__Bacillota; c__Clostridia; o__Lachnospirales; f__Lachnospiraceae; g__Lactonifactor	0.9982237197649697
1bafe2718d9c0cc58a98eeee81340ec3	d__Bacteria; p__Bacillota; c__Bacilli; o__RF39; f__Incertae_Sedis; g__Incertae_Sedis	0.9999999999888871
30f8d4f117e346821019e922f3735cca	d__Bacteria; p__Bacillota; c__Clostridia; o__Lachnospirales; f__Lachnospiraceae; g__Lachnospira	0.9994563431416653
7a80eb794179e899066579742bc71f18	d__Bacteria; p__Bacillota; c__Clostridia; o__Oscillospirales; f__Ruminococcaceae; g__Incertae_Sedis	0.8462999692283565
43202fe954709a694e31c3a1be7e889b	d__Bacteria; p__Bacillota; c__Clostridia; o__Clostridia_UCG-014; f__Incertae_Sedis; g__Incertae_Sedis	0.9999999745086402
f0d4d3a6d12291a52f75c0e2657afec4	d__Bacteria; p__Bacillota; c__Clostridia; o__Lachnospirales; f__Lachnospiraceae; g__ASF356	0.9999999802670632
c3e8496b70f7341450e298f29c5fa4e5	d__Bacteria; p__Bacillota; c__Clostridia; o__Lachnospirales; f__Lachnospiraceae; g__[Eubacterium]_xylanophilum_group	0.9997160946906197
94c166c00b684ce53c2af518ec36e933	d__Bacteria; p__Bacillota; c__Bacilli; o__RF39; f__Incertae_Sedis; g__Incertae_Sedis	0.9999999999968026
73cd1c10175eb846badd2f34bd86dd08	d__Bacteria; p__Bacillota; c__Clostridia; o__Oscillospirales; f__Oscillospiraceae; g__Intestinimonas	0.9870729520105737
07699fa14cb8970eee5e8dda19dd5dbe	d__Bacteria; p__Bacillota; c__Clostridia; o__Lachnospirales; f__Lachnospiraceae; g__Eisenbergiella	0.9995599415826866
b5c5a71372eea1709c1bff19a2f24272	d__Bacteria; p__Bacillota; c__Clostridia; o__Lachnospirales; f__Lachnospiraceae; g__Anaerotignum	0.9999189811022101
569653b1659271a290facfcedd0de061	d__Bacteria; p__Bacillota; c__Bacilli; o__Lactobacillales; f__Enterococcaceae; g__Enterococcus	0.8436853885802311
b9ed1a2c86edb972db7742981e6901da	d__Bacteria; p__Bacillota; c__Clostridia; o__Oscillospirales; f__Ruminococcaceae	0.992252095710327
e60885ac3c30c3634ac82d49056df82c	d__Bacteria; p__Bacillota; c__Clostridia; o__Lachnospirales; f__Lachnospiraceae; g__GCA-900066575	0.7547865866592666
11bc72b11af066726c613fcba7b0ea7a	d__Bacteria; p__Bacillota; c__Bacilli; o__Erysipelotrichales; f__Erysipelatoclostridiaceae; g__Massiliomicrobiota	0.9999999623397862
85b3a528cad6b1fe3ee69fb688c4039a	d__Bacteria; p__Verrucomicrobiota; c__Verrucomicrobiia; o__Verrucomicrobiales; f__Akkermansiaceae; g__Akkermansia	1.0
05dbbf0301a9625e1f1a41470a92f7fe	d__Bacteria; p__Bacillota; c__Clostridia; o__Lachnospirales; f__Lachnospiraceae; g__Anaerostipes	0.9994939110251675
85d5b1c475828edf7b8bc107e70ba245	d__Bacteria; p__Bacillota; c__Clostridia; o__Lachnospirales; f__Lachnospiraceae; g__Anaerotignum	0.9999291255336563
85ad3838de9cd515fe87a67ecc1e8637	d__Bacteria; p__Bacillota; c__Clostridia; o__Oscillospirales; f__Ruminococcaceae	0.9965127093843053
08faf2041b38f0c8f2faa68e7d5edd31	d__Bacteria; p__Bacillota; c__Clostridia; o__Lachnospirales; f__Lachnospiraceae	0.999968536285117
f09b6ee752454bc944448e79c63d441d	d__Bacteria; p__Bacillota; c__Clostridia; o__Lachnospirales; f__Lachnospiraceae; g__Blautia	0.7960730576643117
a452acdd4133942f4427f17e596c9a80	d__Bacteria; p__Bacillota; c__Clostridia; o__Lachnospirales; f__Lachnospiraceae; g__Lachnospiraceae_NK4A136_group	0.9951260723276182
62e19ed21d0109422974ed612a750108	d__Bacteria; p__Bacillota; c__Clostridia; o__Peptostreptococcales-Tissierellales; f__Anaerovoracaceae; g__[Eubacterium]_brachy_group	0.9996752331239148
19acee09a10341417e16c0b13e312883	d__Bacteria; p__Bacillota; c__Clostridia; o__Lachnospirales; f__Lachnospiraceae	0.9999977863920223
7b25fe2a8e4d57a05ef403d1d0e831e2	d__Bacteria; p__Bacillota; c__Clostridia; o__Oscillospirales; f__Oscillospiraceae; g__Intestinimonas	0.9159584544130949
0df6c802966e8670279671824da4f10a	d__Bacteria; p__Bacillota; c__Bacilli; o__Lactobacillales; f__Lactobacillaceae; g__Lactobacillus	0.7687341527516579
c7205100c08de2585db74f670a36edf9	d__Bacteria; p__Bacillota; c__Clostridia; o__Lachnospirales; f__Lachnospiraceae; g__Incertae_Sedis	0.9181483114968628
d56101b838ca3442c9b0a8c0a926b70d	d__Bacteria; p__Bacillota; c__Clostridia; o__Lachnospirales; f__Lachnospiraceae	0.9987564124215708
9d24a5958524b572f096d356fd33187c	d__Bacteria; p__Bacillota; c__Clostridia; o__Lachnospirales; f__Lachnospiraceae; g__Butyribacter	0.9685782475438983
9fec7bdd6bd88e710bd69b15692e54a0	d__Bacteria; p__Bacillota; c__Bacilli; o__Lactobacillales; f__Streptococcaceae; g__Streptococcus	0.999997931358231
08eedcaf8f982611c4982038139f6271	d__Bacteria; p__Bacillota; c__Clostridia; o__Lachnospirales; f__Lachnospiraceae; g__Lachnospiraceae_NK4A136_group	0.9947190450501431
54e0174aa8565daf971f0e40d489b6c0	d__Bacteria; p__Bacillota; c__Clostridia; o__Lachnospirales; f__Lachnospiraceae; g__Incertae_Sedis	0.9632282729429898
d92069ec35d8cb0e5c570d0fedcfa47e	d__Bacteria; p__Bacillota; c__Clostridia; o__Lachnospirales; f__Lachnospiraceae	0.9999992051276685
2b95cbc8bf5a91b3f86257d9f379b047	d__Bacteria; p__Bacillota; c__Clostridia; o__Lachnospirales; f__Lachnospiraceae; g__Incertae_Sedis	0.9998589205482903
96d87e761ccb2091720c3b1245d4887c	d__Bacteria; p__Verrucomicrobiota; c__Verrucomicrobiia; o__Verrucomicrobiales; f__Akkermansiaceae; g__Akkermansia	1.0
f74b21714779abe1ed2d3eb324d0a7d7	d__Bacteria; p__Bacillota; c__Clostridia; o__Peptostreptococcales-Tissierellales; f__Peptostreptococcaceae; g__Clostridioides	0.8422820424503231
e7dd01d01c0203abc3708549d99e4e9c	d__Bacteria; p__Bacillota; c__Bacilli; o__Staphylococcales; f__Staphylococcaceae; g__Mammaliicoccus	0.9945319803016475
35b8c10c192360a7cdad628a185e99e5	d__Bacteria; p__Bacillota; c__Clostridia; o__Lachnospirales; f__Lachnospiraceae; g__Lachnospiraceae_NK4A136_group	0.9918529573695334
940c5c7f5d291961c87dd25da8580e29	d__Bacteria; p__Bacillota; c__Bacilli; o__Erysipelotrichales; f__Erysipelotrichaceae; g__Faecalibaculum	0.9999979723976317
d5b88bbd26fadc79d1c738f75659ae3c	d__Bacteria; p__Bacillota; c__Clostridia; o__Lachnospirales; f__Lachnospiraceae; g__Lachnospira	0.9982480697708451
efa934e07029e49f4b1959b33c677589	d__Bacteria; p__Bacteroidota; c__Bacteroidia; o__Bacteroidales; f__Bacteroidaceae; g__Bacteroides	0.9999999985444816
3ae1261ba77186e4d25e36ea44ea8e83	d__Bacteria; p__Bacillota; c__Clostridia; o__Clostridia_UCG-014; f__Incertae_Sedis; g__Incertae_Sedis	0.9999999794315644
4a8c7d0b36bd5c1c971d5cc05052c3b8	d__Bacteria; p__Bacillota; c__Clostridia; o__Oscillospirales; f__Ruminococcaceae; g__Paludicola	0.9905810915570112
9a13cbb8e1b12468bf22d6a05aafb0c0	d__Bacteria; p__Bacteroidota; c__Bacteroidia; o__Bacteroidales; f__Rikenellaceae; g__Alistipes	0.9999999999994031
99deb3c5ecb022ec05609ebd1112a557	d__Bacteria; p__Bacteroidota; c__Bacteroidia; o__Bacteroidales; f__Bacteroidaceae; g__Bacteroides	0.9999999999415934
794c48d1c110499dbd6338457f2ed417	d__Bacteria; p__Bacillota; c__Clostridia; o__Lachnospirales; f__Lachnospiraceae; g__Enterocloster	0.9935478377286496
76b39e86c95e0c7dd8b9c57b974f6532	d__Bacteria; p__Bacteroidota; c__Bacteroidia; o__Bacteroidales; f__Bacteroidaceae; g__Bacteroides	0.9999999991911608
16126511a1f1d5f21ba432ae7d63aaef	d__Bacteria; p__Verrucomicrobiota; c__Verrucomicrobiia; o__Verrucomicrobiales; f__Akkermansiaceae; g__Akkermansia	1.0
d2be1254f5e7eb97bd42ec342d9cb11d	d__Bacteria; p__Bacillota; c__Clostridia; o__Lachnospirales; f__Lachnospiraceae; g__Incertae_Sedis	0.8649796743613787
4ac43ecbe6347d46a2ab5a31ffd64c25	d__Bacteria; p__Bacillota; c__Clostridia; o__Oscillospirales; f__Ruminococcaceae	0.7688269075772922
7215e6796de3e835c8879da79b1b708d	d__Bacteria; p__Bacillota; c__Clostridia; o__Oscillospirales; f__Oscillospiraceae; g__NK4A214_group	0.9787627488489634
f029da12c7745c40813dbd365c2795f4	d__Bacteria; p__Bacillota; c__Clostridia; o__Lachnospirales; f__Lachnospiraceae; g__Murimonas	0.9983272711268113
86c6593e873a155587cca6318ff65ba2	d__Bacteria; p__Bacillota; c__Clostridia; o__Lachnospirales; f__Lachnospiraceae; g__[Acetivibrio]_ethanolgignens_group	0.9997290568575317
ed9de529fb936c6ff7f1cc357cb1099e	d__Bacteria; p__Bacillota; c__Clostridia; o__Lachnospirales; f__Lachnospiraceae	0.9999704549510979
31217980cfdf305668ba9c8482a34e81	d__Bacteria; p__Bacillota; c__Clostridia; o__Lachnospirales; f__Lachnospiraceae	0.9999995395428463
68a313a4c8c35a8f1fb6d4e6f2a39a7a	d__Bacteria; p__Bacillota; c__Clostridia; o__Lachnospirales; f__Lachnospiraceae	0.9999794434920275
4debdb072999105a06ee39aa8779f01c	d__Bacteria; p__Bacillota; c__Clostridia; o__Lachnospirales; f__Lachnospiraceae; g__Lachnospiraceae_NK4A136_group	0.991218171436846
c939ee112ba982665e012437dae05c1e	d__Bacteria; p__Pseudomonadota; c__Gammaproteobacteria; o__Enterobacterales; f__Enterobacteriaceae	0.8848225448130039
2c064ac1dddc6cb98a5ca584a68647f8	d__Bacteria; p__Bacillota; c__Clostridia; o__Lachnospirales; f__Lachnospiraceae; g__Lachnospiraceae_NK4A136_group	0.9095380772451468
3a7da564e6fafad475685e983a9435e8	d__Bacteria; p__Bacillota; c__Bacilli; o__RF39; f__Incertae_Sedis; g__Incertae_Sedis	0.9999999991125463
c3f21101b8845fd1c974cb14578fb119	d__Bacteria; p__Bacillota; c__Clostridia; o__Christensenellales; f__Christensenellaceae; g__Incertae_Sedis	0.9997059412576215
040fd40bb15e36a102cdec3bafea5eb2	d__Bacteria; p__Bacillota; c__Clostridia; o__Lachnospirales; f__Lachnospiraceae	0.9999996861996769
8f8ff8009eb606b59b707de95a57cd2a	d__Bacteria; p__Bacillota; c__Clostridia; o__Christensenellales; f__Christensenellaceae; g__Christensenellaceae_R-7_group	0.9138366029402175
4fb84b2540b8d244661a351837643173	d__Bacteria; p__Bacillota; c__Clostridia; o__Lachnospirales; f__Lachnospiraceae; g__Anaerotignum	0.9999418583342068
5e18094f37d33836726fabc09f8e46fc	d__Bacteria; p__Bacillota; c__Clostridia; o__Clostridia_vadinBB60_group; f__Incertae_Sedis; g__Incertae_Sedis	0.9999999811631428
ab1e4aeddde9eb4e80144c135051d941	d__Bacteria; p__Bacillota; c__Clostridia; o__Eubacteriales; f__Anaerofustaceae; g__Anaerofustis	0.9999999998682085
05d2f06d1d92dc3c4743b25be837af2e	d__Bacteria; p__Bacillota; c__Clostridia; o__Lachnospirales; f__Lachnospiraceae; g__ASF356	0.9999997712075248
f7c5bcb0ec148713bff4b57c4a1cedc0	d__Bacteria; p__Bacillota; c__Clostridia; o__Lachnospirales; f__Lachnospiraceae; g__Blautia	0.9144742676697192
d442f6c2b9d0582a48ad5c18db2ddf23	d__Bacteria; p__Bacillota; c__Clostridia; o__Monoglobales; f__Monoglobaceae; g__Monoglobus	0.9960488139932107
630d3298d6df053fa8d57ead7cd4df95	d__Bacteria; p__Bacillota; c__Clostridia; o__Clostridia_vadinBB60_group; f__Incertae_Sedis; g__Incertae_Sedis	0.9981603884722388
50ed67c6c21f5e4f38c9b9266a21d891	d__Bacteria; p__Bacillota; c__Clostridia; o__Lachnospirales; f__Lachnospiraceae; g__Incertae_Sedis	0.9999406967599058
6850c3dfd7effc3bf94fbd7778b0657b	d__Bacteria; p__Bacillota; c__Clostridia; o__Peptostreptococcales-Tissierellales; f__Peptostreptococcaceae; g__Romboutsia	0.9971636371319146
e9c22dfef2d86bac6ebbd63be98cea5a	d__Bacteria; p__Bacillota; c__Bacilli; o__Erysipelotrichales; f__Erysipelotrichaceae; g__Dubosiella	0.9999968229138027
2cf0267a31dc6f1b8ee65c913b8f6e4d	d__Bacteria; p__Bacillota; c__Clostridia; o__Lachnospirales; f__Lachnospiraceae; g__Incertae_Sedis	0.918028902449735
b3b9843bbbe0fbf712a588255088fd4c	d__Bacteria; p__Bacillota; c__Clostridia; o__Lachnospirales; f__Lachnospiraceae	0.999998935397339
e292093ea6ef1792a039931141ba98f2	d__Bacteria; p__Bacillota; c__Clostridia; o__Lachnospirales; f__Lachnospiraceae; g__Butyribacter	0.9636131827419743
cb8b8a6ee6bcfa115f8b24a45fa1c12a	d__Bacteria; p__Bacteroidota; c__Bacteroidia; o__Bacteroidales; f__Muribaculaceae; g__Incertae_Sedis	0.9960905564281674
74786d4f86c618917f18f7e99ee2ecc6	d__Bacteria; p__Bacillota; c__Clostridia; o__Lachnospirales; f__Lachnospiraceae; g__Mediterraneibacter	0.8918810339309446
0ad13b6d1cd98ad7e8f6ee9909d33114	d__Bacteria; p__Bacteroidota; c__Bacteroidia; o__Bacteroidales; f__Muribaculaceae; g__Incertae_Sedis	0.9999995387634255
dfb40d91ef66903284d54550c02a78e0	d__Bacteria; p__Bacillota; c__Clostridia; o__Monoglobales; f__Monoglobaceae; g__Monoglobus	0.9419358916995666
da27677418ede8c2b31f3e2a536d4976	d__Bacteria; p__Bacillota; c__Clostridia; o__Clostridia_UCG-014; f__Incertae_Sedis; g__Incertae_Sedis	0.9999999282828494
3471f88cb44a7a8c95f6c7fe00ec8261	d__Bacteria; p__Bacteroidota; c__Bacteroidia; o__Bacteroidales; f__Muribaculaceae; g__Incertae_Sedis	0.9999955825048602
75c7e84b89affffcf99b13b1781a6b1b	d__Bacteria; p__Bacteroidota; c__Bacteroidia; o__Bacteroidales; f__Muribaculaceae; g__Incertae_Sedis	0.9999992050969586
0ebb2cf4a2017aeaefadf9ae5062eb62	d__Bacteria; p__Bacteroidota; c__Bacteroidia; o__Bacteroidales; f__Muribaculaceae; g__Incertae_Sedis	0.9999999987891641
fab19e407fc7d0aa7929a7eae23d8b53	d__Bacteria; p__Bacillota; c__Clostridia; o__Clostridia_UCG-014; f__Incertae_Sedis; g__Incertae_Sedis	0.9999999998299813
37a0a427f45ea3b8299b4a41c10d02e6	d__Bacteria; p__Bacillota; c__Clostridia; o__Lachnospirales; f__Lachnospiraceae; g__Lachnospiraceae_NK4A136_group	0.9654337572509604
7cce032784932c24b2af6c510568a3e9	d__Bacteria; p__Bacillota; c__Clostridia; o__Lachnospirales; f__Lachnospiraceae	0.9999979616265512
bf611493002f5918a68778bde2def567	d__Bacteria; p__Bacteroidota; c__Bacteroidia; o__Bacteroidales; f__Bacteroidaceae; g__Bacteroides	0.9999999983711803
518ff012b457b8be03acf80a04af03ed	d__Bacteria; p__Bacillota; c__Clostridia; o__Lachnospirales; f__Lachnospiraceae; g__Blautia	0.977489483979082
d8a3df20c7b5d4d5857fb260a0989a8a	d__Bacteria; p__Bacillota; c__Clostridia; o__Lachnospirales; f__Lachnospiraceae; g__Marvinbryantia	0.9883731232249214
6283478ee4038101f96fba3ec2fe640f	d__Eukaryota	0.7895526350774131
d60593a75368eb2dd66ecbbec3313863	d__Bacteria; p__Bacteroidota; c__Bacteroidia; o__Bacteroidales; f__Muribaculaceae; g__Incertae_Sedis	0.9957809078560067
71793950d0731e41fe62f8573196de64	d__Bacteria; p__Bacteroidota; c__Bacteroidia; o__Bacteroidales; f__Muribaculaceae; g__Incertae_Sedis	0.9999888072753553
e4597f1dce864c29882fa64f616d1a6c	d__Bacteria; p__Bacteroidota; c__Bacteroidia; o__Bacteroidales; f__Muribaculaceae; g__Muribaculum	0.9999942754635499
8526fa9a3d5fff3675b0a7b2d62455cf	d__Bacteria; p__Bacteroidota; c__Bacteroidia; o__Bacteroidales; f__Muribaculaceae; g__Incertae_Sedis	0.9999990932442405
daae43be6cf06991f62a085ba8bff3b6	d__Bacteria; p__Bacteroidota; c__Bacteroidia; o__Bacteroidales; f__Muribaculaceae; g__Incertae_Sedis	0.9999952429427624
f2e181baa6f69461b040ab8ad9fd0442	d__Bacteria; p__Bacillota; c__Clostridia; o__Lachnospirales; f__Lachnospiraceae; g__Incertae_Sedis	0.999482431611862
325ce268c8bbe026198a5ca3dbaad5b9	d__Bacteria; p__Bacillota; c__Clostridia; o__Lachnospirales; f__Lachnospiraceae	0.9999780207485228
789fce0664de2dfa08872194c5f7c2e0	d__Bacteria; p__Bacillota; c__Clostridia; o__Lachnospirales; f__Lachnospiraceae; g__Incertae_Sedis	0.9477251706658268
a07dbd6b81597b810de81ac0ad6caf26	d__Bacteria; p__Bacillota; c__Clostridia; o__Oscillospirales; f__Butyricicoccaceae; g__Agathobaculum	0.9915983004492042
e5d55481f7455ae8a4620451dc7ac39a	d__Bacteria; p__Bacillota; c__Clostridia; o__Oscillospirales; f__Ruminococcaceae; g__Ruminococcus	0.9999428955302364
f0a3b85336766433b385b8e5d23182d2	d__Bacteria; p__Actinomycetota; c__Coriobacteriia; o__Coriobacteriales; f__Eggerthellaceae; g__Adlercreutzia	0.9998288682978851
3b028f90dd1594c2f5fd97368d4e07ad	d__Bacteria; p__Bacillota; c__Bacilli; o__Staphylococcales; f__Staphylococcaceae; g__Staphylococcus	0.9974356337000254
f80166d86a7f15b69b6ac97505299c3a	d__Bacteria; p__Bacteroidota; c__Bacteroidia; o__Bacteroidales; f__Muribaculaceae; g__Incertae_Sedis	0.9999999999169376
5292f29cab69c370997bcb039ef68d64	d__Bacteria; p__Bacteroidota; c__Bacteroidia; o__Bacteroidales; f__Bacteroidaceae; g__Bacteroides	0.9999999053483508
b2ce7f937c4d1e391758282974fcf514	d__Bacteria; p__Bacteroidota; c__Bacteroidia; o__Bacteroidales; f__Rikenellaceae; g__Alistipes	0.9999999999259046
f1860fe716257bd5fd5c4c6a16cf3b95	d__Bacteria; p__Pseudomonadota; c__Gammaproteobacteria; o__Burkholderiales; f__Neisseriaceae; g__Neisseria	0.9998972029595292
82b6b13c800633859b139cf0569b4cda	d__Bacteria; p__Bacteroidota; c__Bacteroidia; o__Bacteroidales; f__Muribaculaceae; g__Incertae_Sedis	0.9999996217557912
deca22bbb60113efa8a1716dc0406c5d	d__Bacteria; p__Bacillota; c__Clostridia; o__Lachnospirales; f__Lachnospiraceae	0.9999987276951745
69a11f927915e2a3ba1f7b9c84486527	d__Bacteria; p__Pseudomonadota; c__Gammaproteobacteria; o__Burkholderiales; f__Sutterellaceae; g__Parasutterella	0.9987665634127085
938fbbe51af86d1d7ebd6817a0f0bd24	d__Bacteria; p__Bacteroidota; c__Bacteroidia; o__Bacteroidales; f__Bacteroidaceae; g__Bacteroides	0.9999999980739176
878fc53ff6f6333a92673b700951fa1b	d__Bacteria; p__Bacteroidota; c__Bacteroidia; o__Bacteroidales; f__Tannerellaceae; g__Parabacteroides	0.999999999947434
d1476bb89d6599350ac45892b4e6c04f	d__Bacteria; p__Bacillota; c__Clostridia; o__Lachnospirales; f__Lachnospiraceae; g__Incertae_Sedis	0.8313576808356766
0aaffdbb3aa2dc59d88697f07bfab6e6	d__Bacteria; p__Bacteroidota; c__Bacteroidia; o__Bacteroidales; f__Muribaculaceae; g__Incertae_Sedis	0.9998064873291184
b3c1eaa9ba2f7365d1002b968c2e965a	d__Bacteria; p__Bacteroidota; c__Bacteroidia; o__Bacteroidales; f__Muribaculaceae; g__Incertae_Sedis	0.9999999997144897
06f825b512d903b9230e1a55d87359ee	d__Bacteria; p__Bacillota; c__Bacilli; o__Lactobacillales; f__Streptococcaceae; g__Streptococcus	0.9999391432388365
b626779bd5dfa945ddc31fd5e5070a19	d__Bacteria; p__Bacteroidota; c__Bacteroidia; o__Bacteroidales; f__Muribaculaceae; g__Incertae_Sedis	0.9999999781298927
d98862c324045e346d03d4bceca3ade4	d__Bacteria; p__Bacteroidota; c__Bacteroidia; o__Bacteroidales; f__Bacteroidaceae; g__Bacteroides	0.9999999985998898
5d01d303184a02f64aa7e9537256a469	d__Bacteria; p__Bacillota; c__Clostridia; o__Lachnospirales; f__Lachnospiraceae; g__Butyribacter	0.9870954036441093
6a5bc45562e24af15919720b97c22496	d__Bacteria; p__Bacillota; c__Clostridia; o__Oscillospirales; f__[Eubacterium]_coprostanoligenes_group; g__Incertae_Sedis	0.7707127662664033
75e0e2f88e38e8608eb1e621ccdd456d	d__Bacteria; p__Bacillota; c__Clostridia; o__Oscillospirales; f__Ruminococcaceae	0.9999623274184819
c0d5395792eadbf5f62e8ffb14fa0262	d__Bacteria; p__Pseudomonadota; c__Alphaproteobacteria; o__Rickettsiales; f__Mitochondria; g__Incertae_Sedis	1.0
34875d051adc01729ca6d6a5dd948655	d__Bacteria; p__Bacillota; c__Clostridia; o__Lachnospirales; f__Lachnospiraceae; g__Anaerotignum	0.7205865595818304
394eda29c886632f514dd94b58381186	d__Bacteria; p__Pseudomonadota; c__Gammaproteobacteria; o__Enterobacterales; f__Pasteurellaceae; g__Haemophilus	0.9122583650518356
1930d2ae4018583d606e705beea31bd1	d__Bacteria; p__Bacteroidota; c__Bacteroidia; o__Bacteroidales; f__Muribaculaceae; g__Incertae_Sedis	0.9999402477611146
129500150cad877075ed12b0c9424282	d__Bacteria; p__Bacteroidota; c__Bacteroidia; o__Bacteroidales; f__Muribaculaceae; g__Incertae_Sedis	0.9999999946461173
4ed11405ae0cd46d8c58ce2a90094823	d__Bacteria; p__Bacillota; c__Clostridia; o__Oscillospirales; f__Ruminococcaceae; g__Acutalibacter	0.999853178598528
fbd67349783ebeacc69814257b694d56	d__Bacteria; p__Bacteroidota; c__Bacteroidia; o__Bacteroidales; f__Bacteroidaceae; g__Bacteroides	0.9999999976747205
1d88a3f734659fda507410b97135051c	d__Bacteria; p__Bacillota; c__Clostridia; o__Lachnospirales; f__Lachnospiraceae; g__Incertae_Sedis	0.9963378825301286
3e73f7c8ab0d4d3bb3178403df95cc48	d__Bacteria; p__Bacillota; c__Clostridia; o__Lachnospirales; f__Lachnospiraceae; g__Faecalicatena	0.9917480558891012
2740cf2417c92847cc298cbd71dd1fcd	d__Bacteria; p__Bacillota; c__Negativicutes; o__Veillonellales-Selenomonadales; f__Veillonellaceae; g__Veillonella	0.9999999998832294
db3e23ea0a55b4e230a5ff55f59336d5	d__Bacteria; p__Bacillota; c__Clostridia; o__Oscillospirales; f__Ruminococcaceae; g__Paludicola	0.9382968616153228
333bbf9224442fc10cd497377d2b1d01	d__Bacteria; p__Bacteroidota; c__Bacteroidia; o__Bacteroidales; f__Bacteroidaceae; g__Bacteroides	0.9999999957384489
d5135e3e52ad09c3e39312bf9236b4b7	d__Bacteria; p__Fusobacteriota; c__Fusobacteriia; o__Fusobacteriales; f__Fusobacteriaceae; g__Cetobacterium	0.9999999806298094
f09ce8241752e0e74e9f4534ac80d6c4	d__Bacteria; p__Bacteroidota; c__Bacteroidia; o__Bacteroidales; f__Rikenellaceae; g__Alistipes	0.9999999999981526
e603a72ebbc7a4fcb5a657b52c3e8c50	d__Bacteria; p__Pseudomonadota; c__Alphaproteobacteria; o__Rhodospirillales; f__Incertae_Sedis; g__Incertae_Sedis	0.9999989012335743
bb7e5c6df18c100b97f890fc35eb2911	d__Bacteria; p__Pseudomonadota; c__Gammaproteobacteria; o__Enterobacterales; f__Morganellaceae; g__Proteus	0.9323710339587814
65d3c182761b817c8074ee3b3fd5e707	d__Bacteria; p__Bacillota; c__Clostridia; o__Lachnospirales; f__Lachnospiraceae	0.9999998636498054
8db46ef308da48194bea08dc4ebf8830	d__Bacteria; p__Bacteroidota; c__Bacteroidia; o__Bacteroidales; f__Bacteroidaceae; g__Bacteroides	0.9999997695550443
960aceada5d86b21b6f3c6a38d14822d	d__Bacteria; p__Bacteroidota; c__Bacteroidia; o__Bacteroidales; f__Muribaculaceae; g__Incertae_Sedis	0.9999999978501677
c803726dac1aad6846d209e915cea275	d__Bacteria; p__Bacillota; c__Clostridia; o__Oscillospirales; f__Oscillospiraceae; g__Oscillibacter	0.9439444319311999
0e2d370f860f8262fe2d1fd778dd030f	d__Bacteria; p__Actinomycetota; c__Actinobacteria; o__Mycobacteriales; f__Corynebacteriaceae; g__Corynebacterium	0.9999110812520124
d83f60183d81253a505beaeef3cd168f	d__Bacteria; p__Actinomycetota; c__Actinobacteria; o__Micrococcales; f__Micrococcaceae; g__Rothia	0.9999999963301605
e0bc70f234edc649e936a1930ee3c3d3	d__Bacteria; p__Bacteroidota; c__Bacteroidia; o__Bacteroidales; f__Bacteroidaceae; g__Bacteroides	0.9999999998396873
9fd2ab2f88f10ef6d386289b4ce9b85d	d__Bacteria; p__Bacteroidota; c__Bacteroidia; o__Bacteroidales; f__Prevotellaceae; g__Prevotellaceae_UCG-001	0.9999850102840172
fd44d4cb468fd7dc9b3227867714ed87	d__Bacteria; p__Bacteroidota; c__Bacteroidia; o__Bacteroidales; f__Bacteroidaceae; g__Bacteroides	0.9999999998626521
7421a0056850e30172e2c541c9215c11	d__Bacteria; p__Pseudomonadota; c__Gammaproteobacteria; o__Burkholderiales; f__Sutterellaceae; g__Turicimonas	0.9999974148163366
d900eb33f6b4bc449aab64df16ae18b2	d__Bacteria; p__Bacteroidota; c__Bacteroidia; o__Bacteroidales; f__Bacteroidaceae; g__Bacteroides	0.9999999069289104
c845eda99662b5a88a8c8e979ec07dd0	d__Bacteria; p__Pseudomonadota; c__Gammaproteobacteria; o__Burkholderiales; f__Burkholderiaceae; g__Lautropia	0.999998971227672
07876571bd15e10bcd8a58d2ee258aee	d__Bacteria; p__Bacillota; c__Clostridia; o__Lachnospirales; f__Lachnospiraceae; g__Lachnospiraceae_NK4A136_group	0.9950481326589008
3265d4af36c9111eeab8366f034a548b	d__Bacteria; p__Fusobacteriota; c__Fusobacteriia; o__Fusobacteriales; f__Fusobacteriaceae; g__Fusobacterium	0.9999809752969606
81b14a06fe51fed6aaa311ff4e370125	d__Bacteria; p__Bacteroidota; c__Bacteroidia; o__Bacteroidales; f__Prevotellaceae; g__Prevotella	0.9999999928687942
332a6411ff00b4010ac2397f504c4695	d__Bacteria; p__Bacteroidota; c__Bacteroidia; o__Bacteroidales; f__Rikenellaceae; g__Alistipes	0.9999999999995168
0ed3a6836e138f14044f6950ad7280d2	d__Bacteria; p__Actinomycetota; c__Actinobacteria; o__Actinomycetales; f__Actinomycetaceae; g__Actinomyces	0.9999675114630703
2eb2fe0471e37d54b5e1c47660220ad6	d__Bacteria; p__Bacteroidota; c__Bacteroidia; o__Bacteroidales; f__Muribaculaceae; g__Incertae_Sedis	0.9999999990985486
31f567f59096ed2d57feecc6c3621a58	d__Bacteria; p__Bacteroidota; c__Bacteroidia; o__Bacteroidales; f__Porphyromonadaceae; g__Porphyromonas	0.9999997578594284
742e1f191223f58590661de80b9d6e3b	d__Bacteria; p__Bacteroidota; c__Bacteroidia; o__Bacteroidales; f__Rikenellaceae; g__Alistipes	0.9999999999980105
029ac1f87abeae7dbac1ababc489cfec	d__Bacteria; p__Bacteroidota; c__Bacteroidia; o__Bacteroidales; f__Muribaculaceae; g__Incertae_Sedis	0.9991082789761111
0c1328b680e719088d574634057e9944	d__Bacteria; p__Bacteroidota; c__Bacteroidia; o__Bacteroidales; f__Muribaculaceae; g__Incertae_Sedis	0.9999908842951257
44c00424a9826fb25f15e2b1f14c43ef	d__Bacteria; p__Bacillota; c__Bacilli; o__Erysipelotrichales; f__Erysipelotrichaceae; g__Turicibacter	0.9999996285545173
b15193fce14759d1c06728933e044af6	d__Bacteria; p__Bacteroidota; c__Bacteroidia; o__Bacteroidales; f__Bacteroidaceae; g__Bacteroides	0.9999999883365548
15615a52b57a5edac2ccd38013dda6ec	d__Bacteria; p__Bacillota; c__Clostridia; o__Oscillospirales; f__Ruminococcaceae; g__Paludicola	0.7648281207856523
824b9c5e131ccef5ab3286cfde31640c	d__Bacteria; p__Bacteroidota; c__Bacteroidia; o__Bacteroidales; f__Bacteroidaceae; g__Bacteroides	0.9999999408557745
f74772c312ecf2f0278c402953e04d93	d__Bacteria; p__Bacteroidota; c__Bacteroidia; o__Bacteroidales; f__Muribaculaceae; g__Incertae_Sedis	0.9999961915793608
f2bdea3fa9b9d2c88f631773ea73fd66	d__Bacteria; p__Bacillota; c__Clostridia; o__Peptococcales; f__Peptococcaceae; g__Incertae_Sedis	0.9983013604492178
bad60f0bfcd80891ee6dc90e36407448	d__Bacteria; p__Actinomycetota; c__Coriobacteriia; o__Coriobacteriales; f__Eggerthellaceae	0.9999999977928996
de689038d335b0e895f90f08f59c3ab1	d__Bacteria; p__Bacteroidota; c__Bacteroidia; o__Bacteroidales; f__Muribaculaceae; g__Incertae_Sedis	0.9999998173375413
d98a67675a4e4fc03fb288e80967a4fe	d__Bacteria; p__Bacillota; c__Bacilli; o__Erysipelotrichales; f__Erysipelotrichaceae; g__Holdemania	0.9999990441320129
0a3cf58d4ca062c13d42c9db4ebcbc53	d__Bacteria; p__Cyanobacteriota; c__Cyanobacteriia; o__Chloroplast; f__Incertae_Sedis; g__Incertae_Sedis	0.9999999999890861
827992b22906f7a8b7f7a87580b21cfa	d__Bacteria; p__Cyanobacteriota; c__Cyanobacteriia; o__Chloroplast; f__Incertae_Sedis; g__Incertae_Sedis	0.9999999999956373
900459d7792d6eda2a65aa3b2063fad6	d__Bacteria; p__Bacteroidota; c__Bacteroidia; o__Bacteroidales; f__Porphyromonadaceae; g__Porphyromonas	0.999999898613259
04ecfad5772d2e09a84a0f5ef460536c	d__Bacteria; p__Pseudomonadota; c__Alphaproteobacteria; o__Hyphomicrobiales; f__Beijerinckiaceae; g__Methylobacterium	0.9999999987707042
8b46bf2222a6e6c041e32c7322b708cb	d__Bacteria; p__Bacillota; c__Bacilli; o__Lactobacillales; f__Enterococcaceae	0.7771736731009655
caa255e4c206de8b89dab3bcb35d976c	d__Bacteria; p__Bacillota; c__Clostridia; o__Oscillospirales; f__Ruminococcaceae; g__[Clostridium]_methylpentosum_group	0.9720137119208342
57513ec9163436722d732a2030a3c358	d__Bacteria; p__Bacillota; c__Clostridia; o__Lachnospirales; f__Lachnospiraceae; g__Acetatifactor	0.9225435665245324
7911816f5e81f650f769aba0d5c708cb	d__Bacteria; p__Cyanobacteriota; c__Cyanobacteriia; o__Chloroplast; f__Incertae_Sedis; g__Incertae_Sedis	0.9999999999982521
54a43d2113c13203e813d22b17f3f370	d__Bacteria; p__Bacteroidota; c__Bacteroidia; o__Bacteroidales; f__Marinifilaceae; g__Odoribacter	0.9999999999991758
1d3cb465cf26eaf875bcfb0c2b2ddd26	d__Bacteria; p__Bacillota; c__Clostridia; o__Lachnospirales; f__Lachnospiraceae	0.9999714237500303
